feature_set_file,feature_column,feature_type,param_config,n_dimensions,task,ari,silhouette_score,calinski_harabasz_score,inertia
params/feature_set_4.joblib,hog_features,Original,"{'hsv': {'bins': (4, 8, 2)}, 'lbp': {'numPoints': 24, 'radius': 4, 'method': 'uniform'}, 'hog': {'orientations': 18, 'pixels_per_cell': (8, 8), 'cells_per_block': (2, 2)}}",8712,H1,0.9543509497166094,0.1175955555111503,516.490113834293,838115.6086878473
params/feature_set_4.joblib,hog_features,PCA,"{'hsv': {'bins': (4, 8, 2)}, 'lbp': {'numPoints': 24, 'radius': 4, 'method': 'uniform'}, 'hog': {'orientations': 18, 'pixels_per_cell': (8, 8), 'cells_per_block': (2, 2)}}",1267,H1,0.9543509497166094,0.1238336428050302,547.54556846373,790578.1504319692
params/feature_set_4.joblib,hog_hsv_features,Original,"{'hsv': {'bins': (4, 8, 2)}, 'lbp': {'numPoints': 24, 'radius': 4, 'method': 'uniform'}, 'hog': {'orientations': 18, 'pixels_per_cell': (8, 8), 'cells_per_block': (2, 2)}}",8776,H1,0.9543509497166094,0.1178734604899121,518.0669611524474,840084.1628904932
params/feature_set_4.joblib,hog_hsv_features,PCA,"{'hsv': {'bins': (4, 8, 2)}, 'lbp': {'numPoints': 24, 'radius': 4, 'method': 'uniform'}, 'hog': {'orientations': 18, 'pixels_per_cell': (8, 8), 'cells_per_block': (2, 2)}}",1268,H1,0.9543509497166094,0.1241267207115207,549.2341642945734,792410.6641160294
params/feature_set_6.joblib,hog_features,PCA,"{'hsv': {'bins': (4, 8, 2)}, 'lbp': {'numPoints': 24, 'radius': 4, 'method': 'uniform'}, 'hog': {'orientations': 18, 'pixels_per_cell': (8, 8), 'cells_per_block': (3, 3)}}",1176,H1,0.9533258667517572,0.1056480656917342,451.2750931863359,1236677.9931127238
params/feature_set_6.joblib,hog_hsv_features,PCA,"{'hsv': {'bins': (4, 8, 2)}, 'lbp': {'numPoints': 24, 'radius': 4, 'method': 'uniform'}, 'hog': {'orientations': 18, 'pixels_per_cell': (8, 8), 'cells_per_block': (3, 3)}}",1177,H1,0.9533258667517572,0.105851680525899,452.3642507531444,1238562.7575081834
params/feature_set_6.joblib,hog_lbp_features,Original,"{'hsv': {'bins': (4, 8, 2)}, 'lbp': {'numPoints': 24, 'radius': 4, 'method': 'uniform'}, 'hog': {'orientations': 18, 'pixels_per_cell': (8, 8), 'cells_per_block': (3, 3)}}",16226,H1,0.9512773406353467,0.1013772447649598,431.9205411031649,1311367.6750701172
params/feature_set_6.joblib,hog_features,Original,"{'hsv': {'bins': (4, 8, 2)}, 'lbp': {'numPoints': 24, 'radius': 4, 'method': 'uniform'}, 'hog': {'orientations': 18, 'pixels_per_cell': (8, 8), 'cells_per_block': (3, 3)}}",16200,H1,0.9502539058689848,0.1002411733622529,426.2077885391133,1309417.676010046
params/feature_set_8.joblib,hog_hsv_features,Original,"{'hsv': {'bins': (4, 8, 2)}, 'lbp': {'numPoints': 24, 'radius': 2, 'method': 'uniform'}, 'hog': {'orientations': 24, 'pixels_per_cell': (8, 8), 'cells_per_block': (3, 3)}}",21664,H1,0.9502539058689848,0.0932152303337287,392.7469919062656,1542290.0900597705
params/feature_set_8.joblib,hog_hsv_features,PCA,"{'hsv': {'bins': (4, 8, 2)}, 'lbp': {'numPoints': 24, 'radius': 2, 'method': 'uniform'}, 'hog': {'orientations': 24, 'pixels_per_cell': (8, 8), 'cells_per_block': (3, 3)}}",1457,H1,0.9502539058689848,0.098291608606354,415.6641191001891,1457254.3396744228
params/feature_set_6.joblib,all_features,PCA,"{'hsv': {'bins': (4, 8, 2)}, 'lbp': {'numPoints': 24, 'radius': 4, 'method': 'uniform'}, 'hog': {'orientations': 18, 'pixels_per_cell': (8, 8), 'cells_per_block': (3, 3)}}",1177,H1,0.9502539053370604,0.1070358625755752,458.4268437344236,1240334.8543594978
params/feature_set_6.joblib,hog_lbp_features,PCA,"{'hsv': {'bins': (4, 8, 2)}, 'lbp': {'numPoints': 24, 'radius': 4, 'method': 'uniform'}, 'hog': {'orientations': 18, 'pixels_per_cell': (8, 8), 'cells_per_block': (3, 3)}}",1176,H1,0.9502539043594695,0.1068711776351954,457.3506121131899,1238444.964900571
params/feature_set_6.joblib,all_features,Original,"{'hsv': {'bins': (4, 8, 2)}, 'lbp': {'numPoints': 24, 'radius': 4, 'method': 'uniform'}, 'hog': {'orientations': 18, 'pixels_per_cell': (8, 8), 'cells_per_block': (3, 3)}}",16290,H1,0.9502539043594695,0.1015769885761203,432.9380546355897,1313357.961216495
params/feature_set_8.joblib,hog_features,Original,"{'hsv': {'bins': (4, 8, 2)}, 'lbp': {'numPoints': 24, 'radius': 2, 'method': 'uniform'}, 'hog': {'orientations': 24, 'pixels_per_cell': (8, 8), 'cells_per_block': (3, 3)}}",21600,H1,0.9492310202563864,0.0930300176224282,391.8278939641256,1540300.127655668
params/feature_set_8.joblib,hog_features,PCA,"{'hsv': {'bins': (4, 8, 2)}, 'lbp': {'numPoints': 24, 'radius': 2, 'method': 'uniform'}, 'hog': {'orientations': 24, 'pixels_per_cell': (8, 8), 'cells_per_block': (3, 3)}}",1457,H1,0.9492310202563864,0.098093153307132,414.6716335667626,1455443.3360909082
params/feature_set_6.joblib,hog_hsv_features,Original,"{'hsv': {'bins': (4, 8, 2)}, 'lbp': {'numPoints': 24, 'radius': 4, 'method': 'uniform'}, 'hog': {'orientations': 18, 'pixels_per_cell': (8, 8), 'cells_per_block': (3, 3)}}",16264,H1,0.9492310202563864,0.1004444837228084,427.235821496292,1311407.8580567986
params/feature_set_8.joblib,hog_lbp_features,Original,"{'hsv': {'bins': (4, 8, 2)}, 'lbp': {'numPoints': 24, 'radius': 2, 'method': 'uniform'}, 'hog': {'orientations': 24, 'pixels_per_cell': (8, 8), 'cells_per_block': (3, 3)}}",21626,H1,0.9471869010563928,0.0948834167106588,401.2305939041856,1541831.770366496
params/feature_set_8.joblib,hog_lbp_features,PCA,"{'hsv': {'bins': (4, 8, 2)}, 'lbp': {'numPoints': 24, 'radius': 2, 'method': 'uniform'}, 'hog': {'orientations': 24, 'pixels_per_cell': (8, 8), 'cells_per_block': (3, 3)}}",1455,H1,0.9471869010563928,0.100038762660172,424.6993845516887,1456626.966493895
params/feature_set_8.joblib,all_features,Original,"{'hsv': {'bins': (4, 8, 2)}, 'lbp': {'numPoints': 24, 'radius': 2, 'method': 'uniform'}, 'hog': {'orientations': 24, 'pixels_per_cell': (8, 8), 'cells_per_block': (3, 3)}}",21690,H1,0.9471869010563928,0.0950667447067126,402.1361472212543,1543821.9207363897
params/feature_set_8.joblib,all_features,PCA,"{'hsv': {'bins': (4, 8, 2)}, 'lbp': {'numPoints': 24, 'radius': 2, 'method': 'uniform'}, 'hog': {'orientations': 24, 'pixels_per_cell': (8, 8), 'cells_per_block': (3, 3)}}",1456,H1,0.9471869010563928,0.10022719874327,425.6418936231443,1458562.0505061692
params/feature_set_4.joblib,hog_lbp_features,Original,"{'hsv': {'bins': (4, 8, 2)}, 'lbp': {'numPoints': 24, 'radius': 4, 'method': 'uniform'}, 'hog': {'orientations': 18, 'pixels_per_cell': (8, 8), 'cells_per_block': (2, 2)}}",8738,H1,0.9471868963860118,0.1192462893965723,525.3966007670197,840030.0829934006
params/feature_set_4.joblib,hog_lbp_features,PCA,"{'hsv': {'bins': (4, 8, 2)}, 'lbp': {'numPoints': 24, 'radius': 4, 'method': 'uniform'}, 'hog': {'orientations': 18, 'pixels_per_cell': (8, 8), 'cells_per_block': (2, 2)}}",1266,H1,0.9471868963860118,0.1255616611240392,557.0804345976024,792251.7133151413
params/feature_set_4.joblib,all_features,Original,"{'hsv': {'bins': (4, 8, 2)}, 'lbp': {'numPoints': 24, 'radius': 4, 'method': 'uniform'}, 'hog': {'orientations': 18, 'pixels_per_cell': (8, 8), 'cells_per_block': (2, 2)}}",8802,H1,0.9471868963860118,0.1195131677901688,526.9394397106131,842000.501014804
params/feature_set_4.joblib,all_features,PCA,"{'hsv': {'bins': (4, 8, 2)}, 'lbp': {'numPoints': 24, 'radius': 4, 'method': 'uniform'}, 'hog': {'orientations': 18, 'pixels_per_cell': (8, 8), 'cells_per_block': (2, 2)}}",1267,H1,0.9471868963860118,0.1258423583038466,558.7291070755151,794091.9073036363
params/feature_set_5.joblib,all_features,PCA,"{'hsv': {'bins': (4, 8, 2)}, 'lbp': {'numPoints': 24, 'radius': 4, 'method': 'uniform'}, 'hog': {'orientations': 24, 'pixels_per_cell': (8, 8), 'cells_per_block': (2, 2)}}",1542,H1,0.9410677579874062,0.113990463158551,496.2636981491784,959805.435111664
params/feature_set_5.joblib,all_features,Original,"{'hsv': {'bins': (4, 8, 2)}, 'lbp': {'numPoints': 24, 'radius': 4, 'method': 'uniform'}, 'hog': {'orientations': 24, 'pixels_per_cell': (8, 8), 'cells_per_block': (2, 2)}}",11706,H1,0.9410677579874062,0.1081640625168545,468.4307245151854,1016836.9769496582
params/feature_set_5.joblib,hog_hsv_features,Original,"{'hsv': {'bins': (4, 8, 2)}, 'lbp': {'numPoints': 24, 'radius': 4, 'method': 'uniform'}, 'hog': {'orientations': 24, 'pixels_per_cell': (8, 8), 'cells_per_block': (2, 2)}}",11680,H1,0.9400498292674844,0.1067857168152985,461.0529557893972,1014905.3380091612
params/feature_set_5.joblib,hog_hsv_features,PCA,"{'hsv': {'bins': (4, 8, 2)}, 'lbp': {'numPoints': 24, 'radius': 4, 'method': 'uniform'}, 'hog': {'orientations': 24, 'pixels_per_cell': (8, 8), 'cells_per_block': (2, 2)}}",1543,H1,0.9400498292674844,0.1125473926000071,488.39417525879423,958086.685176166
params/feature_set_5.joblib,hog_features,PCA,"{'hsv': {'bins': (4, 8, 2)}, 'lbp': {'numPoints': 24, 'radius': 4, 'method': 'uniform'}, 'hog': {'orientations': 24, 'pixels_per_cell': (8, 8), 'cells_per_block': (2, 2)}}",1542,H1,0.9400498292674844,0.1122865412705907,487.0721541569255,956182.5303246272
params/feature_set_5.joblib,hog_features,Original,"{'hsv': {'bins': (4, 8, 2)}, 'lbp': {'numPoints': 24, 'radius': 4, 'method': 'uniform'}, 'hog': {'orientations': 24, 'pixels_per_cell': (8, 8), 'cells_per_block': (2, 2)}}",11616,H1,0.9400498292674844,0.1065349361763215,459.793029196457,1012914.541522622
params/feature_set_7.joblib,hog_features,PCA,"{'hsv': {'bins': (4, 8, 2)}, 'lbp': {'numPoints': 24, 'radius': 2, 'method': 'uniform'}, 'hog': {'orientations': 18, 'pixels_per_cell': (8, 8), 'cells_per_block': (2, 2)}}",1265,H1,0.9359836168760356,0.1216593160405409,535.4791576715272,792107.2548944518
params/feature_set_7.joblib,hog_features,Original,"{'hsv': {'bins': (4, 8, 2)}, 'lbp': {'numPoints': 24, 'radius': 2, 'method': 'uniform'}, 'hog': {'orientations': 18, 'pixels_per_cell': (8, 8), 'cells_per_block': (2, 2)}}",8712,H1,0.9359836168760356,0.1155164455207089,505.164425740128,839643.7042159513
params/feature_set_7.joblib,hog_hsv_features,Original,"{'hsv': {'bins': (4, 8, 2)}, 'lbp': {'numPoints': 24, 'radius': 2, 'method': 'uniform'}, 'hog': {'orientations': 18, 'pixels_per_cell': (8, 8), 'cells_per_block': (2, 2)}}",8776,H1,0.9359836168760356,0.115766971169923,506.5701945339333,841635.7140479787
params/feature_set_7.joblib,hog_hsv_features,PCA,"{'hsv': {'bins': (4, 8, 2)}, 'lbp': {'numPoints': 24, 'radius': 2, 'method': 'uniform'}, 'hog': {'orientations': 18, 'pixels_per_cell': (8, 8), 'cells_per_block': (2, 2)}}",1266,H1,0.9359836168760356,0.1219230381549407,536.9816624888746,793968.213340477
params/feature_set_7.joblib,hog_lbp_features,PCA,"{'hsv': {'bins': (4, 8, 2)}, 'lbp': {'numPoints': 24, 'radius': 2, 'method': 'uniform'}, 'hog': {'orientations': 18, 'pixels_per_cell': (8, 8), 'cells_per_block': (2, 2)}}",1263,H1,0.9349684410598276,0.1248933353474916,553.7716848000741,793354.8744424083
params/feature_set_7.joblib,all_features,PCA,"{'hsv': {'bins': (4, 8, 2)}, 'lbp': {'numPoints': 24, 'radius': 2, 'method': 'uniform'}, 'hog': {'orientations': 18, 'pixels_per_cell': (8, 8), 'cells_per_block': (2, 2)}}",1264,H1,0.9349684410598276,0.1251467402593636,555.2270284082991,795220.3978863774
params/feature_set_7.joblib,all_features,Original,"{'hsv': {'bins': (4, 8, 2)}, 'lbp': {'numPoints': 24, 'radius': 2, 'method': 'uniform'}, 'hog': {'orientations': 18, 'pixels_per_cell': (8, 8), 'cells_per_block': (2, 2)}}",8802,H1,0.9349684410598276,0.1188479620133313,523.6689456184574,843145.3265874911
params/feature_set_7.joblib,hog_lbp_features,Original,"{'hsv': {'bins': (4, 8, 2)}, 'lbp': {'numPoints': 24, 'radius': 2, 'method': 'uniform'}, 'hog': {'orientations': 18, 'pixels_per_cell': (8, 8), 'cells_per_block': (2, 2)}}",8738,H1,0.9349684408343024,0.1186162534355382,522.3051953177061,841153.5104287253
params/feature_set_5.joblib,hog_lbp_features,Original,"{'hsv': {'bins': (4, 8, 2)}, 'lbp': {'numPoints': 24, 'radius': 4, 'method': 'uniform'}, 'hog': {'orientations': 24, 'pixels_per_cell': (8, 8), 'cells_per_block': (2, 2)}}",11642,H1,0.9319262172127464,0.1078892869877596,467.1923010721217,1014845.081370568
params/feature_set_5.joblib,hog_lbp_features,PCA,"{'hsv': {'bins': (4, 8, 2)}, 'lbp': {'numPoints': 24, 'radius': 4, 'method': 'uniform'}, 'hog': {'orientations': 24, 'pixels_per_cell': (8, 8), 'cells_per_block': (2, 2)}}",1541,H1,0.9309132438785328,0.1136933119885589,494.9660731089176,957896.3145518068
params/feature_set_1.joblib,hog_features,PCA,"{'hsv': {'bins': (8, 8, 8)}, 'lbp': {'numPoints': 24, 'radius': 8, 'method': 'uniform'}, 'hog': {'orientations': 9, 'pixels_per_cell': (8, 8), 'cells_per_block': (2, 2)}}",766,H1,0.9278776297404382,0.1487577445581309,668.1064242324201,485429.8652630181
params/feature_set_1.joblib,hog_lbp_features,Original,"{'hsv': {'bins': (8, 8, 8)}, 'lbp': {'numPoints': 24, 'radius': 8, 'method': 'uniform'}, 'hog': {'orientations': 9, 'pixels_per_cell': (8, 8), 'cells_per_block': (2, 2)}}",4382,H1,0.9278776297404382,0.1426565227712549,637.7892054097539,517374.180667824
params/feature_set_1.joblib,hog_features,Original,"{'hsv': {'bins': (8, 8, 8)}, 'lbp': {'numPoints': 24, 'radius': 8, 'method': 'uniform'}, 'hog': {'orientations': 9, 'pixels_per_cell': (8, 8), 'cells_per_block': (2, 2)}}",4356,H1,0.9278776297404382,0.1412704820858218,629.2178855317183,515433.3052920591
params/feature_set_1.joblib,hog_hsv_features,Original,"{'hsv': {'bins': (8, 8, 8)}, 'lbp': {'numPoints': 24, 'radius': 8, 'method': 'uniform'}, 'hog': {'orientations': 9, 'pixels_per_cell': (8, 8), 'cells_per_block': (2, 2)}}",4868,H1,0.9268668586674822,0.1401855724695875,625.608818951424,522722.28587113897
params/feature_set_1.joblib,all_features,Original,"{'hsv': {'bins': (8, 8, 8)}, 'lbp': {'numPoints': 24, 'radius': 8, 'method': 'uniform'}, 'hog': {'orientations': 9, 'pixels_per_cell': (8, 8), 'cells_per_block': (2, 2)}}",4894,H1,0.9258566390389632,0.1415840402782581,634.0821379092807,524662.2490308463
params/feature_set_1.joblib,all_features,PCA,"{'hsv': {'bins': (8, 8, 8)}, 'lbp': {'numPoints': 24, 'radius': 8, 'method': 'uniform'}, 'hog': {'orientations': 9, 'pixels_per_cell': (8, 8), 'cells_per_block': (2, 2)}}",781,H1,0.9258566390389632,0.1491005685799669,673.3457316757743,494067.1040706464
params/feature_set_1.joblib,hog_hsv_features,PCA,"{'hsv': {'bins': (8, 8, 8)}, 'lbp': {'numPoints': 24, 'radius': 8, 'method': 'uniform'}, 'hog': {'orientations': 9, 'pixels_per_cell': (8, 8), 'cells_per_block': (2, 2)}}",781,H1,0.9258566390389632,0.1476468325325155,664.2140052415897,492340.2634836021
params/feature_set_1.joblib,hog_lbp_features,PCA,"{'hsv': {'bins': (8, 8, 8)}, 'lbp': {'numPoints': 24, 'radius': 8, 'method': 'uniform'}, 'hog': {'orientations': 9, 'pixels_per_cell': (8, 8), 'cells_per_block': (2, 2)}}",767,H1,0.9258566390389632,0.1501625601496458,677.2854737707833,487202.2178061562
params/feature_set_2.joblib,hog_features,PCA,"{'hsv': {'bins': (16, 16, 16)}, 'lbp': {'numPoints': 32, 'radius': 4, 'method': 'uniform'}, 'hog': {'orientations': 12, 'pixels_per_cell': (4, 4), 'cells_per_block': (2, 2)}}",2228,H1,0.9147805652662472,0.0911123620304248,370.9524770785623,2681235.5592774586
params/feature_set_2.joblib,hog_features,Original,"{'hsv': {'bins': (16, 16, 16)}, 'lbp': {'numPoints': 32, 'radius': 4, 'method': 'uniform'}, 'hog': {'orientations': 12, 'pixels_per_cell': (4, 4), 'cells_per_block': (2, 2)}}",27648,H1,0.9147805652662472,0.0854489038892591,350.7197247594279,2835919.001372669
params/feature_set_2.joblib,hog_lbp_features,PCA,"{'hsv': {'bins': (16, 16, 16)}, 'lbp': {'numPoints': 32, 'radius': 4, 'method': 'uniform'}, 'hog': {'orientations': 12, 'pixels_per_cell': (4, 4), 'cells_per_block': (2, 2)}}",2227,H1,0.9147805652662472,0.0918278599064471,374.5111581792074,2683280.9588683946
params/feature_set_2.joblib,hog_lbp_features,Original,"{'hsv': {'bins': (16, 16, 16)}, 'lbp': {'numPoints': 32, 'radius': 4, 'method': 'uniform'}, 'hog': {'orientations': 12, 'pixels_per_cell': (4, 4), 'cells_per_block': (2, 2)}}",27682,H1,0.9147805652662472,0.0861290640474239,354.0610904976545,2838268.3483836064
params/feature_set_2.joblib,hog_hsv_features,PCA,"{'hsv': {'bins': (16, 16, 16)}, 'lbp': {'numPoints': 32, 'radius': 4, 'method': 'uniform'}, 'hog': {'orientations': 12, 'pixels_per_cell': (4, 4), 'cells_per_block': (2, 2)}}",2231,H1,0.9147805649214564,0.091113549380011,369.38871869583454,2708141.3575884867
params/feature_set_2.joblib,hog_hsv_features,Original,"{'hsv': {'bins': (16, 16, 16)}, 'lbp': {'numPoints': 32, 'radius': 4, 'method': 'uniform'}, 'hog': {'orientations': 12, 'pixels_per_cell': (4, 4), 'cells_per_block': (2, 2)}}",31744,H1,0.9147805649214564,0.0853779111714465,349.2432948095846,2864360.367939812
params/feature_set_2.joblib,all_features,PCA,"{'hsv': {'bins': (16, 16, 16)}, 'lbp': {'numPoints': 32, 'radius': 4, 'method': 'uniform'}, 'hog': {'orientations': 12, 'pixels_per_cell': (4, 4), 'cells_per_block': (2, 2)}}",2230,H1,0.9137769537814204,0.0917321051559633,372.910571933382,2710192.293164037
params/feature_set_2.joblib,all_features,Original,"{'hsv': {'bins': (16, 16, 16)}, 'lbp': {'numPoints': 32, 'radius': 4, 'method': 'uniform'}, 'hog': {'orientations': 12, 'pixels_per_cell': (4, 4), 'cells_per_block': (2, 2)}}",31778,H1,0.9137769537814204,0.0859745778733676,352.55069546632194,2866711.109208265
params/feature_set_7.joblib,lbp_hsv_features,PCA,"{'hsv': {'bins': (4, 8, 2)}, 'lbp': {'numPoints': 24, 'radius': 2, 'method': 'uniform'}, 'hog': {'orientations': 18, 'pixels_per_cell': (8, 8), 'cells_per_block': (2, 2)}}",16,H1,0.910769421697514,0.5512068182879261,5648.780488912295,3090.348112260957
params/feature_set_7.joblib,lbp_hsv_features,Original,"{'hsv': {'bins': (4, 8, 2)}, 'lbp': {'numPoints': 24, 'radius': 2, 'method': 'uniform'}, 'hog': {'orientations': 18, 'pixels_per_cell': (8, 8), 'cells_per_block': (2, 2)}}",90,H1,0.910769421697514,0.5296830269326255,5018.004241266162,3478.9375839490253
params/feature_set_8.joblib,lbp_hsv_features,PCA,"{'hsv': {'bins': (4, 8, 2)}, 'lbp': {'numPoints': 24, 'radius': 2, 'method': 'uniform'}, 'hog': {'orientations': 24, 'pixels_per_cell': (8, 8), 'cells_per_block': (3, 3)}}",16,H1,0.910769421697514,0.5512068182879261,5648.780488912295,3090.348112260957
params/feature_set_8.joblib,lbp_hsv_features,Original,"{'hsv': {'bins': (4, 8, 2)}, 'lbp': {'numPoints': 24, 'radius': 2, 'method': 'uniform'}, 'hog': {'orientations': 24, 'pixels_per_cell': (8, 8), 'cells_per_block': (3, 3)}}",90,H1,0.910769421697514,0.5296830269326255,5018.004241266162,3478.9375839490253
params/feature_set_8.joblib,lbp_features,Original,"{'hsv': {'bins': (4, 8, 2)}, 'lbp': {'numPoints': 24, 'radius': 2, 'method': 'uniform'}, 'hog': {'orientations': 24, 'pixels_per_cell': (8, 8), 'cells_per_block': (3, 3)}}",26,H1,0.9027735683425172,0.6357359518012847,10269.78414566576,1486.7472643177214
params/feature_set_8.joblib,lbp_features,PCA,"{'hsv': {'bins': (4, 8, 2)}, 'lbp': {'numPoints': 24, 'radius': 2, 'method': 'uniform'}, 'hog': {'orientations': 24, 'pixels_per_cell': (8, 8), 'cells_per_block': (3, 3)}}",4,H1,0.9027735683425172,0.6651671708627437,11894.953952368329,1283.538321329798
params/feature_set_7.joblib,lbp_features,Original,"{'hsv': {'bins': (4, 8, 2)}, 'lbp': {'numPoints': 24, 'radius': 2, 'method': 'uniform'}, 'hog': {'orientations': 18, 'pixels_per_cell': (8, 8), 'cells_per_block': (2, 2)}}",26,H1,0.9027735683425172,0.6357359518012847,10269.78414566576,1486.7472643177214
params/feature_set_7.joblib,lbp_features,PCA,"{'hsv': {'bins': (4, 8, 2)}, 'lbp': {'numPoints': 24, 'radius': 2, 'method': 'uniform'}, 'hog': {'orientations': 18, 'pixels_per_cell': (8, 8), 'cells_per_block': (2, 2)}}",4,H1,0.9027735683425172,0.6651671708627437,11894.953952368329,1283.538321329798
params/feature_set_2.joblib,lbp_hsv_features,Original,"{'hsv': {'bins': (16, 16, 16)}, 'lbp': {'numPoints': 32, 'radius': 4, 'method': 'uniform'}, 'hog': {'orientations': 12, 'pixels_per_cell': (4, 4), 'cells_per_block': (2, 2)}}",4130,H1,0.8987888635319724,0.2004594379819098,524.1890078187096,30770.7380236472
params/feature_set_2.joblib,lbp_hsv_features,PCA,"{'hsv': {'bins': (16, 16, 16)}, 'lbp': {'numPoints': 32, 'radius': 4, 'method': 'uniform'}, 'hog': {'orientations': 12, 'pixels_per_cell': (4, 4), 'cells_per_block': (2, 2)}}",496,H1,0.8987888635319724,0.2090790317569138,555.6836044589355,29026.445568720254
params/feature_set_4.joblib,lbp_hsv_features,PCA,"{'hsv': {'bins': (4, 8, 2)}, 'lbp': {'numPoints': 24, 'radius': 4, 'method': 'uniform'}, 'hog': {'orientations': 18, 'pixels_per_cell': (8, 8), 'cells_per_block': (2, 2)}}",23,H1,0.8977940659003028,0.4300151896378544,3121.1683956160755,3514.622150743191
params/feature_set_4.joblib,lbp_hsv_features,Original,"{'hsv': {'bins': (4, 8, 2)}, 'lbp': {'numPoints': 24, 'radius': 4, 'method': 'uniform'}, 'hog': {'orientations': 18, 'pixels_per_cell': (8, 8), 'cells_per_block': (2, 2)}}",90,H1,0.8977940659003028,0.4131915564999351,2855.8256151384585,3841.427506124135
params/feature_set_3.joblib,lbp_hsv_features,Original,"{'hsv': {'bins': (8, 12, 3)}, 'lbp': {'numPoints': 16, 'radius': 4, 'method': 'uniform'}, 'hog': {'orientations': 9, 'pixels_per_cell': (16, 16), 'cells_per_block': (3, 3)}}",306,H1,0.8918368267190792,0.3157790112486627,1493.4937718415258,6751.883599149493
params/feature_set_3.joblib,lbp_hsv_features,PCA,"{'hsv': {'bins': (8, 12, 3)}, 'lbp': {'numPoints': 16, 'radius': 4, 'method': 'uniform'}, 'hog': {'orientations': 9, 'pixels_per_cell': (16, 16), 'cells_per_block': (3, 3)}}",57,H1,0.8918368267190792,0.3270166328558107,1602.402531805675,6292.864196168382
params/feature_set_5.joblib,lbp_hsv_features,PCA,"{'hsv': {'bins': (4, 8, 2)}, 'lbp': {'numPoints': 24, 'radius': 4, 'method': 'uniform'}, 'hog': {'orientations': 24, 'pixels_per_cell': (8, 8), 'cells_per_block': (2, 2)}}",22,H1,0.886887601840849,0.4266450371905138,3043.960032997487,3539.191115887621
params/feature_set_5.joblib,lbp_hsv_features,Original,"{'hsv': {'bins': (4, 8, 2)}, 'lbp': {'numPoints': 24, 'radius': 4, 'method': 'uniform'}, 'hog': {'orientations': 24, 'pixels_per_cell': (8, 8), 'cells_per_block': (2, 2)}}",90,H1,0.886887601840849,0.4096410709899656,2781.6279632219907,3873.2640224828247
params/feature_set_6.joblib,lbp_hsv_features,Original,"{'hsv': {'bins': (4, 8, 2)}, 'lbp': {'numPoints': 24, 'radius': 4, 'method': 'uniform'}, 'hog': {'orientations': 18, 'pixels_per_cell': (8, 8), 'cells_per_block': (3, 3)}}",90,H1,0.886887601840849,0.4096410709899656,2781.6279632219907,3873.2640224828247
params/feature_set_6.joblib,lbp_hsv_features,PCA,"{'hsv': {'bins': (4, 8, 2)}, 'lbp': {'numPoints': 24, 'radius': 4, 'method': 'uniform'}, 'hog': {'orientations': 18, 'pixels_per_cell': (8, 8), 'cells_per_block': (3, 3)}}",22,H1,0.886887601840849,0.4266450371905138,3043.960032997487,3539.191115887621
params/feature_set_3.joblib,lbp_features,PCA,"{'hsv': {'bins': (8, 12, 3)}, 'lbp': {'numPoints': 16, 'radius': 4, 'method': 'uniform'}, 'hog': {'orientations': 9, 'pixels_per_cell': (16, 16), 'cells_per_block': (3, 3)}}",5,H1,0.8721225799866853,0.5607176919293855,6823.229197726028,1090.60419237668
params/feature_set_3.joblib,lbp_features,Original,"{'hsv': {'bins': (8, 12, 3)}, 'lbp': {'numPoints': 16, 'radius': 4, 'method': 'uniform'}, 'hog': {'orientations': 9, 'pixels_per_cell': (16, 16), 'cells_per_block': (3, 3)}}",18,H1,0.8721225799866853,0.5302681782579302,5980.907845427658,1244.43674647456
params/feature_set_4.joblib,lbp_features,Original,"{'hsv': {'bins': (4, 8, 2)}, 'lbp': {'numPoints': 24, 'radius': 4, 'method': 'uniform'}, 'hog': {'orientations': 18, 'pixels_per_cell': (8, 8), 'cells_per_block': (2, 2)}}",26,H1,0.8565097689259137,0.4823126735949982,4676.590649934657,1857.597681298324
params/feature_set_4.joblib,lbp_features,PCA,"{'hsv': {'bins': (4, 8, 2)}, 'lbp': {'numPoints': 24, 'radius': 4, 'method': 'uniform'}, 'hog': {'orientations': 18, 'pixels_per_cell': (8, 8), 'cells_per_block': (2, 2)}}",7,H1,0.8545680812482,0.5087800256215138,5236.773175627489,1658.6224682245615
params/feature_set_5.joblib,lbp_features,Original,"{'hsv': {'bins': (4, 8, 2)}, 'lbp': {'numPoints': 24, 'radius': 4, 'method': 'uniform'}, 'hog': {'orientations': 24, 'pixels_per_cell': (8, 8), 'cells_per_block': (2, 2)}}",26,H1,0.8477895015616916,0.4816432063520276,4633.469327660327,1865.5980904066032
params/feature_set_5.joblib,lbp_features,PCA,"{'hsv': {'bins': (4, 8, 2)}, 'lbp': {'numPoints': 24, 'radius': 4, 'method': 'uniform'}, 'hog': {'orientations': 24, 'pixels_per_cell': (8, 8), 'cells_per_block': (2, 2)}}",7,H1,0.8477895015616916,0.5080848367776017,5184.127749628724,1667.191986406361
params/feature_set_6.joblib,lbp_features,PCA,"{'hsv': {'bins': (4, 8, 2)}, 'lbp': {'numPoints': 24, 'radius': 4, 'method': 'uniform'}, 'hog': {'orientations': 18, 'pixels_per_cell': (8, 8), 'cells_per_block': (3, 3)}}",7,H1,0.8477895015616916,0.5080848367776017,5184.127749628724,1667.191986406361
params/feature_set_6.joblib,lbp_features,Original,"{'hsv': {'bins': (4, 8, 2)}, 'lbp': {'numPoints': 24, 'radius': 4, 'method': 'uniform'}, 'hog': {'orientations': 18, 'pixels_per_cell': (8, 8), 'cells_per_block': (3, 3)}}",26,H1,0.8477895015616916,0.4816432063520276,4633.469327660327,1865.5980904066032
params/feature_set_1.joblib,lbp_hsv_features,Original,"{'hsv': {'bins': (8, 8, 8)}, 'lbp': {'numPoints': 24, 'radius': 8, 'method': 'uniform'}, 'hog': {'orientations': 9, 'pixels_per_cell': (8, 8), 'cells_per_block': (2, 2)}}",538,H1,0.847789455374345,0.2293699945793103,921.6588931268844,9197.911913150398
params/feature_set_1.joblib,lbp_hsv_features,PCA,"{'hsv': {'bins': (8, 8, 8)}, 'lbp': {'numPoints': 24, 'radius': 8, 'method': 'uniform'}, 'hog': {'orientations': 9, 'pixels_per_cell': (8, 8), 'cells_per_block': (2, 2)}}",103,H1,0.847789455374345,0.2376444488457096,982.0733570267188,8631.934574305707
params/feature_set_2.joblib,lbp_features,PCA,"{'hsv': {'bins': (16, 16, 16)}, 'lbp': {'numPoints': 32, 'radius': 4, 'method': 'uniform'}, 'hog': {'orientations': 12, 'pixels_per_cell': (4, 4), 'cells_per_block': (2, 2)}}",9,H1,0.8381526635289571,0.4969790005416005,5079.917419067937,2060.83456479133
params/feature_set_2.joblib,lbp_features,Original,"{'hsv': {'bins': (16, 16, 16)}, 'lbp': {'numPoints': 32, 'radius': 4, 'method': 'uniform'}, 'hog': {'orientations': 12, 'pixels_per_cell': (4, 4), 'cells_per_block': (2, 2)}}",34,H1,0.8371920079343752,0.4712166485716488,4538.636694158611,2306.8038255116567
params/feature_set_1.joblib,lbp_features,PCA,"{'hsv': {'bins': (8, 8, 8)}, 'lbp': {'numPoints': 24, 'radius': 8, 'method': 'uniform'}, 'hog': {'orientations': 9, 'pixels_per_cell': (8, 8), 'cells_per_block': (2, 2)}}",10,H1,0.8039159588226441,0.4057128448253865,3274.530923483507,1765.9582652334486
params/feature_set_1.joblib,lbp_features,Original,"{'hsv': {'bins': (8, 8, 8)}, 'lbp': {'numPoints': 24, 'radius': 8, 'method': 'uniform'}, 'hog': {'orientations': 9, 'pixels_per_cell': (8, 8), 'cells_per_block': (2, 2)}}",26,H1,0.8039159588226441,0.3882242114671826,3032.585197102979,1907.2540428650784
params/feature_set_4.joblib,hsv_features,Original,"{'hsv': {'bins': (4, 8, 2)}, 'lbp': {'numPoints': 24, 'radius': 4, 'method': 'uniform'}, 'hog': {'orientations': 18, 'pixels_per_cell': (8, 8), 'cells_per_block': (2, 2)}}",64,H1,0.7954686817635117,0.3403455317020416,1252.7342529296875,1943.9327392578125
params/feature_set_4.joblib,hsv_features,PCA,"{'hsv': {'bins': (4, 8, 2)}, 'lbp': {'numPoints': 24, 'radius': 4, 'method': 'uniform'}, 'hog': {'orientations': 18, 'pixels_per_cell': (8, 8), 'cells_per_block': (2, 2)}}",20,H1,0.7954686817635117,0.3485153615474701,1336.430419921875,1822.0560302734373
params/feature_set_6.joblib,hsv_features,Original,"{'hsv': {'bins': (4, 8, 2)}, 'lbp': {'numPoints': 24, 'radius': 4, 'method': 'uniform'}, 'hog': {'orientations': 18, 'pixels_per_cell': (8, 8), 'cells_per_block': (3, 3)}}",64,H1,0.744813758581996,0.328934758901596,1150.224853515625,1971.481689453125
params/feature_set_6.joblib,hsv_features,PCA,"{'hsv': {'bins': (4, 8, 2)}, 'lbp': {'numPoints': 24, 'radius': 4, 'method': 'uniform'}, 'hog': {'orientations': 18, 'pixels_per_cell': (8, 8), 'cells_per_block': (3, 3)}}",20,H1,0.744813758581996,0.3368265330791473,1224.312255859375,1851.984375
params/feature_set_7.joblib,hsv_features,PCA,"{'hsv': {'bins': (4, 8, 2)}, 'lbp': {'numPoints': 24, 'radius': 2, 'method': 'uniform'}, 'hog': {'orientations': 18, 'pixels_per_cell': (8, 8), 'cells_per_block': (2, 2)}}",20,H1,0.744813758581996,0.3368265330791473,1224.312255859375,1851.984375
params/feature_set_7.joblib,hsv_features,Original,"{'hsv': {'bins': (4, 8, 2)}, 'lbp': {'numPoints': 24, 'radius': 2, 'method': 'uniform'}, 'hog': {'orientations': 18, 'pixels_per_cell': (8, 8), 'cells_per_block': (2, 2)}}",64,H1,0.744813758581996,0.328934758901596,1150.224853515625,1971.481689453125
params/feature_set_5.joblib,hsv_features,Original,"{'hsv': {'bins': (4, 8, 2)}, 'lbp': {'numPoints': 24, 'radius': 4, 'method': 'uniform'}, 'hog': {'orientations': 24, 'pixels_per_cell': (8, 8), 'cells_per_block': (2, 2)}}",64,H1,0.744813758581996,0.328934758901596,1150.224853515625,1971.481689453125
params/feature_set_5.joblib,hsv_features,PCA,"{'hsv': {'bins': (4, 8, 2)}, 'lbp': {'numPoints': 24, 'radius': 4, 'method': 'uniform'}, 'hog': {'orientations': 24, 'pixels_per_cell': (8, 8), 'cells_per_block': (2, 2)}}",20,H1,0.744813758581996,0.3368265330791473,1224.312255859375,1851.984375
params/feature_set_8.joblib,hsv_features,Original,"{'hsv': {'bins': (4, 8, 2)}, 'lbp': {'numPoints': 24, 'radius': 2, 'method': 'uniform'}, 'hog': {'orientations': 24, 'pixels_per_cell': (8, 8), 'cells_per_block': (3, 3)}}",64,H1,0.744813758581996,0.328934758901596,1150.224853515625,1971.48193359375
params/feature_set_8.joblib,hsv_features,PCA,"{'hsv': {'bins': (4, 8, 2)}, 'lbp': {'numPoints': 24, 'radius': 2, 'method': 'uniform'}, 'hog': {'orientations': 24, 'pixels_per_cell': (8, 8), 'cells_per_block': (3, 3)}}",20,H1,0.744813758581996,0.3368265330791473,1224.312255859375,1851.984375
params/feature_set_3.joblib,hsv_features,Original,"{'hsv': {'bins': (8, 12, 3)}, 'lbp': {'numPoints': 16, 'radius': 4, 'method': 'uniform'}, 'hog': {'orientations': 9, 'pixels_per_cell': (16, 16), 'cells_per_block': (3, 3)}}",288,H1,0.3323240120747309,0.2033949643373489,544.0719604492188,5425.81884765625
params/feature_set_3.joblib,hsv_features,PCA,"{'hsv': {'bins': (8, 12, 3)}, 'lbp': {'numPoints': 16, 'radius': 4, 'method': 'uniform'}, 'hog': {'orientations': 9, 'pixels_per_cell': (16, 16), 'cells_per_block': (3, 3)}}",62,H1,0.3311149350133409,0.2097492516040802,576.3574829101562,5121.578125
params/feature_set_2.joblib,hsv_features,PCA,"{'hsv': {'bins': (16, 16, 16)}, 'lbp': {'numPoints': 32, 'radius': 4, 'method': 'uniform'}, 'hog': {'orientations': 12, 'pixels_per_cell': (4, 4), 'cells_per_block': (2, 2)}}",519,H1,0.2048641909671554,0.1931872069835662,333.54803466796875,26164.087890625
params/feature_set_2.joblib,hsv_features,Original,"{'hsv': {'bins': (16, 16, 16)}, 'lbp': {'numPoints': 32, 'radius': 4, 'method': 'uniform'}, 'hog': {'orientations': 12, 'pixels_per_cell': (4, 4), 'cells_per_block': (2, 2)}}",4096,H1,0.2048641909671554,0.1854991763830185,315.52618408203125,27658.896484375
params/feature_set_3.joblib,hog_hsv_features,Original,"{'hsv': {'bins': (8, 12, 3)}, 'lbp': {'numPoints': 16, 'radius': 4, 'method': 'uniform'}, 'hog': {'orientations': 9, 'pixels_per_cell': (16, 16), 'cells_per_block': (3, 3)}}",1584,H1,0.1936209657885642,0.1853691975929928,689.4288171468589,182751.17816690076
params/feature_set_3.joblib,hog_hsv_features,PCA,"{'hsv': {'bins': (8, 12, 3)}, 'lbp': {'numPoints': 16, 'radius': 4, 'method': 'uniform'}, 'hog': {'orientations': 9, 'pixels_per_cell': (16, 16), 'cells_per_block': (3, 3)}}",162,H1,0.1936209657885642,0.1969944525802179,732.5149545097194,171998.40161761668
params/feature_set_3.joblib,hog_features,PCA,"{'hsv': {'bins': (8, 12, 3)}, 'lbp': {'numPoints': 16, 'radius': 4, 'method': 'uniform'}, 'hog': {'orientations': 9, 'pixels_per_cell': (16, 16), 'cells_per_block': (3, 3)}}",147,H1,0.191318566917383,0.2039289661037079,751.9680658578758,166379.8446387946
params/feature_set_3.joblib,hog_features,Original,"{'hsv': {'bins': (8, 12, 3)}, 'lbp': {'numPoints': 16, 'radius': 4, 'method': 'uniform'}, 'hog': {'orientations': 9, 'pixels_per_cell': (16, 16), 'cells_per_block': (3, 3)}}",1296,H1,0.191318566917383,0.1923300516674361,707.7421109924398,176781.12001044615
params/feature_set_3.joblib,hog_lbp_features,PCA,"{'hsv': {'bins': (8, 12, 3)}, 'lbp': {'numPoints': 16, 'radius': 4, 'method': 'uniform'}, 'hog': {'orientations': 9, 'pixels_per_cell': (16, 16), 'cells_per_block': (3, 3)}}",148,H1,0.1894865638752233,0.204178176389458,753.4218400869173,168837.89612690362
params/feature_set_3.joblib,hog_lbp_features,Original,"{'hsv': {'bins': (8, 12, 3)}, 'lbp': {'numPoints': 16, 'radius': 4, 'method': 'uniform'}, 'hog': {'orientations': 9, 'pixels_per_cell': (16, 16), 'cells_per_block': (3, 3)}}",1314,H1,0.1894865638752233,0.1924465635549222,708.9662786839824,179429.4592611852
params/feature_set_3.joblib,all_features,Original,"{'hsv': {'bins': (8, 12, 3)}, 'lbp': {'numPoints': 16, 'radius': 4, 'method': 'uniform'}, 'hog': {'orientations': 9, 'pixels_per_cell': (16, 16), 'cells_per_block': (3, 3)}}",1602,H1,0.1894865638752233,0.1857338288327017,690.8564963683026,185400.2862764469
params/feature_set_3.joblib,all_features,PCA,"{'hsv': {'bins': (8, 12, 3)}, 'lbp': {'numPoints': 16, 'radius': 4, 'method': 'uniform'}, 'hog': {'orientations': 9, 'pixels_per_cell': (16, 16), 'cells_per_block': (3, 3)}}",163,H1,0.1894865638752233,0.197450676943922,734.0158236874752,174495.41641607598
params/feature_set_1.joblib,hsv_features,PCA,"{'hsv': {'bins': (8, 8, 8)}, 'lbp': {'numPoints': 24, 'radius': 8, 'method': 'uniform'}, 'hog': {'orientations': 9, 'pixels_per_cell': (8, 8), 'cells_per_block': (2, 2)}}",110,H1,0.0601838517628339,0.3208702206611633,473.6882019042969,6761.12548828125
params/feature_set_1.joblib,hsv_features,Original,"{'hsv': {'bins': (8, 8, 8)}, 'lbp': {'numPoints': 24, 'radius': 8, 'method': 'uniform'}, 'hog': {'orientations': 9, 'pixels_per_cell': (8, 8), 'cells_per_block': (2, 2)}}",512,H1,0.0601838517628339,0.3161557614803314,447.5131530761719,7156.95654296875
